<?xml version="1.0" encoding="utf-8"?>
<extension type="component" version="3.2" method="upgrade">
	<name>com_contenthistory</name>
	<author>Joomla! Project</author>
	<creationDate>May 2013</creationDate>
	<copyright>(C) 2005 - 2017 Open Source Matters. All rights reserved.</copyright>
	<license>GNU General Public License version 2 or later; see LICENSE.txt</license>
	<authorEmail>admin@joomla.org</authorEmail>
	<authorUrl>www.joomla.org</authorUrl>
	<version>3.2.0</version>
	<description>COM_CONTENTHISTORY_XML_DESCRIPTION</description>
	<namespace>Joomla\Component\Contenthistory</namespace>
	<files folder="site">
		<filename>contenthistory.php</filename>
		<filename>index.html</filename>
	</files>
	<administration>
		<files folder="admin">
			<filename>dispatcher.php</filename>			
			<folder>Controller</folder>
			<folder>Helper</folder>
			<folder>helpers</folder>
			<folder>Model</folder>
			<folder>models</folder>
			<folder>View</folder>
			<folder>views</folder>
		</files>
		<languages folder="admin">
			<language tag="en-GB">language/en-GB.com_contenthistory.ini</language>
			<language tag="en-GB">language/en-GB.com_contenthistory.sys.ini</language>
		</languages>
	</administration>
</extension>

