<?xml version="1.0" encoding="utf-8"?>
<metadata>
	<layout title="COM_CATEGORIES_CATEGORY_VIEW_EDIT_TITLE">
		<message>
			<![CDATA[COM_CATEGORIES_CATEGORY_VIEW_EDIT_DESC]]>
		</message>
	</layout>
	<fieldset name="request">
		<fields name="request">
			<field
				name="extension"
				type="componentscategory"
				label="COM_CATEGORIES_CHOOSE_COMPONENT_LABEL"
				required="true"
				>
				<option value="">COM_MENUS_OPTION_SELECT_COMPONENT</option>
			</field>
			<field
				name="id"
				type="hidden"
				default="0"
			/>
		</fields>
	</fieldset>
</metadata>
